x1,x2,x3,x4,y
0.836561,-2.849935,-1.349824,-1.660736,-0.751526
1.418827,1.060197,2.353077,-2.478367,0.955896
-0.468469,-2.821217,-1.688172,0.032132,0.910933
-2.840784,-1.806974,0.899307,0.269649,2.286590
-1.677356,0.535594,1.856583,-2.961007,6.335086
1.834916,1.188836,-0.958497,-2.067123,4.532094
2.743278,-0.980433,-2.443525,-2.419702,7.921610
2.084966,0.622356,1.842770,1.378391,3.052872
0.217369,2.838695,-0.728794,0.312244,-0.957026
1.976428,0.711119,2.170241,0.464113,0.822608
1.227431,-2.725054,-1.632610,-1.263672,-0.554356
-2.521248,-1.603255,-2.393991,-1.332158,5.281083
0.814107,-0.811007,-0.778914,-1.742958,1.621575
-1.398133,2.619928,0.888212,0.654786,0.013550
-1.973168,1.374761,-2.019585,-0.723267,4.532651
2.937140,0.839999,0.341698,1.107686,5.610641
2.057112,1.655999,-1.625712,-2.807399,8.448308
-1.107282,-1.393555,-1.734103,2.657458,8.507720
2.258206,-1.111933,0.932632,-0.626209,-1.372295
2.487286,-0.246889,-1.410719,-1.520235,4.676638
0.368209,-1.423550,0.507516,2.386937,4.331751
-0.603597,-1.684075,2.985226,0.057158,-0.157476
-2.454544,-2.717302,-2.342105,0.764676,4.633818
1.752476,-0.467040,-2.618834,-0.710284,4.992874
2.976728,0.174686,2.826470,2.164678,7.152213
-2.931114,1.324331,1.090262,0.221822,3.710155
-1.399049,0.845771,-2.330687,-0.391408,4.838014
-0.277658,2.722896,2.255118,-1.419666,-2.223854
0.003517,-1.928089,2.475767,2.223111,3.200631
-1.209331,0.833697,0.653821,-2.082964,3.306389
1.575065,0.236274,1.671759,0.182122,-0.081676
-2.996569,-1.055064,-2.883140,2.574592,10.069214
2.272331,1.989993,-1.154915,-2.652449,7.001078
2.268058,2.681697,-2.486079,-0.084057,5.025237
-2.584725,1.563613,1.595007,-2.229651,4.900966
-0.148306,0.298822,-1.409660,2.234598,7.148894
-0.461172,-1.729211,0.235777,1.379586,2.092293
-1.793094,-1.129702,2.970896,0.899268,3.968944
-0.371399,0.105455,-2.273975,-1.651816,5.334823
-0.971487,0.529852,-1.619312,-1.678696,4.955086
-2.574041,0.786618,-1.626349,2.432520,8.631899
2.157812,-2.574856,-1.571972,1.013867,2.271677
-1.714579,-2.206129,2.613085,0.426259,1.074749
-0.163974,1.707717,1.844982,-1.857541,0.246953
-2.418415,-0.413693,-0.458528,-0.197852,3.700322
1.374455,1.040187,2.904991,-2.409493,0.883575
-0.584272,-0.964184,2.170035,-1.508062,-0.103320
-1.858747,-0.308319,-0.468710,-1.328729,3.610300
-1.501161,2.539594,-0.341216,2.168095,3.582772
0.301952,-2.696470,2.995695,2.016166,1.504206
2.813978,2.558202,2.092174,-2.002133,0.319442
-0.086153,-1.717516,-0.593758,-2.648188,2.840437
-0.726161,2.911853,-1.408782,1.704424,1.562776
-0.269950,-0.461955,2.743906,2.972536,8.086288
0.334610,1.310450,-2.071219,-1.219753,4.066056
2.812256,0.475082,0.253171,1.487853,6.120908
-2.657008,0.505066,0.017102,2.116319,7.379467
-2.055404,2.764673,-2.519331,-1.885050,4.057201
0.570211,1.051275,-1.588777,-2.280680,5.487454
2.341724,-1.522708,0.567115,0.716289,0.244298
-0.484651,0.502034,0.136696,2.608238,6.940297
-1.774445,1.297151,-1.567884,-0.625285,3.958657
1.030141,-1.200018,-1.102937,1.511187,3.955279
-2.564741,-0.250287,2.990727,2.976579,11.697798
-2.560436,-1.721074,-1.408798,2.599556,8.652105
2.285185,2.275621,-0.782837,-2.053519,4.116789
2.002470,1.221240,0.670067,2.923398,8.190625
0.923858,-2.953061,1.902625,-1.203727,-5.290070
0.980332,2.633580,-2.194253,-2.307428,4.919367
-2.357784,0.319342,-1.365911,0.628979,5.261837
1.305673,-1.778416,0.805428,-1.416097,-2.684511
-0.068809,2.432019,2.076622,-2.446209,0.131293
-0.458545,-1.339919,-2.978726,1.626715,6.891379
0.822680,-1.428268,1.447385,0.310083,-1.619712
-0.433878,-2.941982,-2.548537,2.298638,6.784037
2.423571,0.273542,2.007570,0.495057,1.286209
-2.111437,-2.235327,-1.150450,2.393889,7.193048
1.776734,2.164215,2.393548,-1.739541,-1.255739
-1.502822,-2.383238,1.680697,2.304808,4.483446
-0.561736,0.723969,-2.072680,2.579286,8.631588
2.187634,2.857236,1.864630,2.288497,3.466771
-2.851282,1.419387,-1.006887,2.584895,8.062575
1.813411,2.184384,1.864496,-1.399166,-1.426666
1.724247,-2.351426,2.233001,2.151560,1.239144
-1.665398,1.899520,-0.238181,-1.168855,2.075605
1.772073,-1.634427,-2.858013,-1.841221,4.542015
-1.030428,2.186118,2.801335,-1.325250,0.523989
0.848890,-0.601930,2.886898,0.217294,-0.433425
2.635423,-2.307949,2.822404,-1.928593,-3.651120
2.775206,-1.407202,-2.349585,-0.392617,4.947619
1.371270,-1.117936,0.637253,0.068538,-0.999567
-0.688827,0.459528,-1.471665,1.252712,5.174773
-2.989852,2.553451,0.230712,1.316580,2.777236
1.451700,1.023771,-0.814671,-2.580157,5.246219
0.985426,-1.018800,-1.116506,2.088092,5.699115
1.318526,-1.198066,-1.144292,-0.549643,1.010798
-0.585598,-1.226069,-2.236273,-0.477322,3.399170
2.642182,1.063908,2.416833,0.693089,2.442381
-1.194301,0.287623,-2.997564,-1.278518,6.256228
-0.420671,0.479909,0.928234,-0.210071,0.772227
-0.347041,-1.717792,-0.160883,2.407085,5.173699
1.776149,-1.981852,-2.491227,0.092712,2.907825
0.797645,-0.988870,1.910541,1.506829,1.502660
1.036774,-1.652156,-1.805220,-2.853448,4.992221
-1.530945,-0.149182,2.098426,-2.563031,4.436441
-0.513354,0.778592,-1.833389,1.178126,5.238095
-0.033737,-1.536093,0.936348,-2.966731,2.184091
1.505787,1.620277,-2.360476,-0.449123,4.747866
-1.944680,2.747796,0.107747,-2.698690,3.739049
-1.504810,2.090018,-0.261229,1.808500,3.930692
1.005466,2.927355,0.572714,2.700238,3.068211
2.348556,0.675914,1.315644,0.028669,1.015573
1.983415,0.287232,2.383249,1.461933,3.025410
-0.151953,-1.444851,-1.516562,0.825969,3.129695
1.594882,0.127799,0.760491,-1.352415,-0.040525
-2.535100,-1.285631,-1.369709,-1.081743,4.173621
0.240913,-2.169756,-1.612431,1.163699,2.861878
1.238515,-2.614627,-0.554404,0.255667,-1.464939
-0.505355,-1.758994,-0.479139,2.429031,5.661648
0.504476,1.173138,2.140392,1.593567,3.003158
-0.717714,-2.964623,-0.889447,1.520851,2.590498
2.120688,2.720582,-0.485872,1.485094,3.281592
0.276794,0.619516,-1.676768,-1.683470,4.307813
-0.384984,-2.825851,-0.983223,1.074851,1.476812
-0.574100,-2.009732,-0.195659,-2.234233,1.273013
0.733542,-2.838201,-0.635878,0.386352,-1.286510
-2.837388,0.856498,-2.185803,-0.229809,5.421242
-2.698292,-0.725377,-1.730038,-1.038925,5.145894
1.567378,-0.725243,1.512059,1.991546,3.284780
-1.486371,-2.508563,-2.883700,0.236514,4.056655
2.999447,-0.900238,0.900865,1.687398,4.740783
0.910528,1.525399,2.697670,-1.803836,-0.448964
-2.877720,-2.085706,-2.242674,1.016753,5.613342
0.383817,-1.692213,1.196790,1.601389,1.236501
-1.993265,0.643485,1.487554,-2.312803,4.732589
1.915807,2.788325,-2.351408,-2.845929,8.350660
-1.128257,1.064084,2.749037,-0.620073,1.847016
1.290088,-2.544021,1.143686,0.763454,-2.530132
-2.388592,1.634885,2.101759,0.602470,3.822855
-2.273670,2.903066,1.695812,-0.916777,-0.422087
-0.429732,-0.776575,0.035765,-0.952613,0.666044
2.097454,1.933986,-2.366767,2.764725,10.815879
0.813511,1.972244,1.243852,-0.387077,-1.292438
1.402772,2.792842,-1.379506,1.849195,3.580895
0.229037,-0.099015,-0.386553,1.386157,3.718538
-1.389627,2.110279,1.984386,-2.480023,2.885213
2.289787,-1.536819,-0.211749,0.661990,1.151158
-0.726064,-2.827800,2.105717,-1.908961,-1.962511
-1.727281,1.786994,-0.957967,2.281920,6.144154
1.207103,-1.342389,-2.939093,2.688375,9.838054
-2.486322,1.320448,-0.068533,1.548988,5.412232
1.143656,0.875417,-0.055072,1.757597,4.472479
-2.441680,-1.670422,1.150723,-1.162764,1.619216
0.489334,-0.160437,0.185532,-0.446977,0.302839
1.475613,-1.015252,1.217130,-1.374501,-1.904327
-1.491578,-2.276065,-1.844494,-2.282672,4.634252
0.215184,1.573138,-1.889101,-1.701692,4.289629
-0.094808,1.347510,2.859642,0.147821,0.923955
-1.302008,-2.396843,-1.835295,-1.635101,2.874053
-1.923351,-2.915110,0.204811,-1.354132,0.051840
2.845770,0.320154,1.184504,-2.242323,2.591386
2.210767,-0.054728,2.236318,0.444385,0.550606
-0.183618,-0.357187,-1.893818,-2.691740,7.054940
2.646382,-0.133625,1.932694,-0.595755,-0.132362
-2.555507,0.776674,-2.678346,-2.104814,8.470987
0.377038,-1.176987,2.963509,-2.289291,-0.200105
1.586661,0.637906,1.744445,-1.645877,-0.366865
0.135435,-0.296913,-0.343674,2.161000,5.575959
2.940188,-1.167719,0.726164,0.657785,1.700952
1.440536,2.685541,-1.753273,-1.733849,2.995398
0.962569,-2.057657,-1.957119,-2.549611,3.543585
-2.983946,-0.296978,0.562867,-1.252444,3.917251
-1.611143,1.241735,1.217925,-0.275812,1.865188
1.124310,2.543466,1.726968,0.750348,-1.089171
0.967098,2.602011,-0.449166,0.267374,-0.334382
0.885808,2.450469,1.959787,-2.571541,-0.224588
-2.004463,-1.154329,1.493746,0.415242,2.299979
-1.268336,-2.253878,1.132068,1.198402,1.444286
2.656057,0.002833,-0.037229,-2.517349,4.510366
-2.760835,-0.407828,-1.066070,-1.497793,5.270066
-2.452039,2.771467,2.015752,0.451195,1.154672
2.704718,2.997435,1.033690,-1.382934,-0.687682
-2.758610,1.537613,-0.176995,0.909057,4.227073
2.496437,-1.911065,0.511978,0.808708,0.028825
-0.049645,-2.452546,-0.912234,-1.000150,-0.636682
1.020801,2.146399,-1.021178,1.162042,2.828840
-1.270693,2.671161,1.881396,0.300580,-0.523008
-0.271045,-1.112897,-1.060357,2.821108,7.926047
-0.574950,0.087578,2.928715,0.945962,3.197042
0.255562,-0.520515,-1.874505,-0.829324,3.106966
1.538659,0.752452,1.559943,-1.778651,-0.068450
0.295318,2.566037,-0.371303,1.189500,0.735891
-2.271443,2.838881,0.653230,-1.564215,0.431346
-2.049731,0.305034,0.313508,-2.440745,5.730786
2.953543,2.477579,-0.231313,-2.295203,5.149804
1.992859,-0.009747,1.299620,0.053232,0.087921
-1.359451,2.008344,2.881468,-1.537615,1.733239
0.307590,-0.698484,2.531209,0.049445,-0.567436
2.275958,2.184162,-1.342516,1.740037,6.771604
-0.510345,2.605490,0.046426,1.923297,2.046598
-1.302966,-1.208665,0.521626,2.993414,7.901626
-0.062158,-2.108427,0.231483,-0.929256,-1.715047
0.311505,0.260580,-0.267932,-1.069336,1.260178
-1.868086,1.184991,0.430786,-1.598625,3.239239
1.653267,-2.738116,1.468231,1.231367,-1.980521
1.868453,-0.683527,0.982133,1.924485,3.655526
2.884909,-0.028028,-2.777882,0.013747,8.680311
0.541083,2.218202,2.245142,-0.358163,-1.790936
0.155707,-0.258432,1.334663,-0.540128,-0.541696
0.928688,-2.073833,-0.183056,2.815222,5.420613
-0.968633,1.156228,0.899020,2.110592,5.344220
2.114048,2.156053,-0.719944,-1.100033,2.382887
1.312305,1.556411,2.234298,-2.784605,1.627544
-2.589476,0.786966,2.525575,2.984556,11.223667
1.480598,-0.396171,-2.409341,0.802487,5.676164
2.235475,-0.337929,1.164007,2.420544,5.976880
-2.724054,1.776861,-1.239793,-0.750953,3.713881
-2.126581,0.186998,0.395568,1.755117,6.035285
-1.980098,-2.526190,2.225038,0.718262,1.215551
-1.555021,2.476974,-2.141294,-0.233101,2.005458
-1.476136,-1.468040,-2.943615,1.827798,7.750883
2.407257,1.065665,-2.052146,-0.349621,6.355453
-0.926606,0.525430,0.833632,-0.454146,1.294740
-1.499411,2.071824,-1.804698,-0.691841,2.822344
-0.100752,-1.576766,0.431536,0.448872,-0.123668
2.956152,-1.228615,2.867667,0.949379,1.326693
-1.353118,0.395574,1.114797,1.468013,4.432867
-2.705734,0.638439,-0.019636,2.424932,8.146319
-1.282835,1.793161,0.642390,-0.886074,0.945673
0.819707,0.725347,1.066587,1.325570,2.411290
0.955089,2.030023,0.769489,2.420422,4.409187
0.878044,-1.146403,-0.355061,0.477443,0.798840
1.394159,-2.459200,-1.229337,1.484885,2.460686
-1.946160,-2.207041,0.236447,2.828937,7.174534
0.185114,2.480922,1.982836,-1.458179,-2.059201
1.948139,-0.108913,1.838931,1.479356,2.675401
-0.967708,-2.308982,2.777360,-2.155458,0.040148
2.799001,2.160844,1.345300,2.879653,8.713056
2.803618,1.827526,-0.805350,1.744092,8.135275
-2.916488,0.219434,-0.271284,1.036970,5.421031
1.034045,0.507361,1.934504,2.641751,6.138067
-2.349923,-1.597069,-2.849852,2.305409,9.130537
0.368444,2.491535,-1.671797,-2.620698,5.012120
1.943132,2.456326,-1.186859,-0.550225,2.169443
-2.161338,2.677569,-1.173812,-0.044252,0.925778
-2.416848,2.323556,-2.186016,-0.278137,2.881018
1.022917,1.458841,2.675845,-0.485239,-0.828761
1.453614,-2.072863,-0.510693,-2.405870,0.345495
-0.063918,-0.551305,2.709129,-2.803702,2.487764
-0.776820,-0.339701,2.703331,2.132701,6.048391
-2.403872,1.114082,0.266795,2.867055,8.794235
-0.847957,-0.611162,-1.861149,-2.267042,5.981718
2.088199,-0.271696,0.976612,0.850227,1.600930
0.582876,-2.871855,1.720768,-1.538587,-4.526354
-2.244457,0.387468,-2.588339,1.590944,7.594370
-1.757056,-1.704292,2.218173,-1.028643,0.616422
-2.114675,2.403186,-2.982987,2.150437,5.244126
-2.131872,-2.220047,-1.496075,-1.953017,4.150258
0.966346,-2.845319,-2.910838,1.739908,5.258061
-1.572410,-1.057371,-1.954523,-2.685606,7.770471
1.450308,0.156513,1.473992,-0.142524,-0.500828
1.668102,0.079428,-2.345676,0.023032,5.217720
2.672494,-2.739810,1.699362,2.201885,1.617167
0.128707,-0.251745,2.784157,-2.635048,1.994041
-0.126109,-0.590296,1.116585,-0.058387,-0.107433
2.458205,-2.559056,-2.515257,0.649785,3.694035
-2.605907,-1.349904,0.798460,0.290139,2.680788
-1.048887,2.967767,0.183341,-0.277707,-2.028039
0.632561,-2.404929,1.210677,2.116756,1.540853
0.905500,1.613776,1.325039,-1.709862,-0.381225
-0.290671,-1.629039,-0.966410,-0.279007,0.912590
-0.504062,-2.429485,-0.439416,0.990647,1.156994
-0.754194,-2.084166,2.537910,-2.597200,0.922348
1.990631,-2.440619,-2.420613,1.432776,4.823576
1.870616,0.338224,0.518790,0.369518,1.442549
-1.022124,-2.266612,-0.878412,0.992043,2.452955
1.501706,2.208553,1.326364,2.810392,5.599529
0.602461,-0.890123,0.467511,-1.723567,-0.264047
0.940418,-1.654531,-2.350690,2.072241,6.754931
-0.794634,1.575634,0.444600,1.843328,4.119806
2.070931,2.847280,1.910561,0.681440,-1.020980
0.856195,-2.842477,2.574506,1.976765,0.261843
-1.395314,-1.917504,1.216193,-1.146092,-0.243251
-0.961052,-2.963365,2.219176,0.397927,-1.501178
-0.595294,-2.148752,0.799032,-2.816057,1.683983
1.476671,-1.709203,-0.481005,-0.954624,-0.943149
-0.779681,1.329576,1.661014,0.405561,1.381062
-2.490258,-2.684347,-2.055541,0.707029,4.265148
1.043812,-1.367383,0.971632,-0.086030,-1.844514
-0.347735,-1.360999,1.529659,-2.317095,0.470508
-0.420518,-1.300521,1.070918,-0.080203,-0.549057
1.002795,-2.727496,-0.628420,0.595950,-0.897316
-2.953877,-1.191484,-1.732596,-2.176591,6.909752
-1.466883,-1.031266,-2.953621,1.482085,7.256194
-1.945831,-0.718755,1.222028,0.001574,2.192951
2.000125,1.837201,-2.567547,2.170586,9.433351
-2.746186,-2.887551,2.526975,2.172660,5.344652
0.454555,0.440398,1.256994,-0.493836,-0.336727
-2.308960,-2.874861,-1.051391,1.807933,5.108148
0.708752,1.992155,2.518619,-2.471221,0.372015
2.066906,-1.540101,0.533228,0.143775,-1.077437
-0.625400,-1.138353,-0.962920,-1.001588,1.799867
-1.991204,0.062900,-2.315840,0.059712,5.463978
2.435536,-0.903748,1.364275,1.913692,3.795665
1.890222,-1.582387,-2.121335,-1.816369,3.323791
0.614394,1.561292,0.933054,-1.937123,0.465749
1.637089,-0.035298,1.526675,1.559263,2.779667
-0.306568,2.544926,0.386951,0.811790,-0.323827
0.747131,2.185481,0.763304,-2.094256,0.086684
-2.590282,-0.346752,-1.183077,-1.351958,5.093628
-2.662967,0.044021,-1.137553,-0.288517,4.631898
-2.658660,1.990180,-2.539614,2.185500,6.428368
2.131760,0.690050,0.042407,-0.223730,1.927231
0.325898,1.750907,2.375261,-0.301598,-0.798307
1.858896,0.911025,-1.070839,-0.146226,3.442650
-2.094834,-2.628758,-2.378989,2.394761,8.221214
-0.939373,1.285893,0.027294,-1.964647,3.054127
-1.513538,-0.373450,-0.363469,0.136488,2.960752
-2.047523,-0.762888,-1.302639,-0.547384,3.927624
-0.969797,0.587315,1.735362,0.883832,2.790536
-2.604529,-2.432964,1.070276,-1.295118,0.901877
1.342402,0.939385,2.438056,2.239678,5.141792
-0.999828,0.496437,-2.151430,-0.901075,4.696893
2.806179,1.190880,-0.648252,0.570247,5.758502
2.628013,-1.142509,-0.739924,1.749972,5.951698
1.879109,1.020698,1.973754,1.432648,2.970413
1.112487,0.158360,0.876149,-0.459562,-0.361531
-0.829031,-0.824414,-1.918422,-1.714844,4.562060
2.686010,-0.082374,-1.640742,-2.174608,7.010015
-2.537009,2.066570,-2.393155,1.625248,5.173224
2.010719,2.302093,-2.773515,-0.979414,5.842796
1.597846,-2.213706,-0.739681,-2.026517,-0.339926
1.988070,1.626587,1.854262,-2.006765,0.193982
-0.373960,-0.534848,1.058178,-1.574819,0.388909
-0.334808,-1.290432,1.491219,-0.306432,-1.008213
0.204067,-1.143193,1.851743,-0.185906,-1.439342
2.010680,-0.792954,2.682781,2.906639,6.789326
-0.229920,-1.309370,-0.708765,0.164759,1.264833
2.797609,1.901347,1.807555,-2.169609,1.776779
-1.499981,0.847074,2.244702,0.327244,2.861327
-2.384462,2.075354,2.106996,-1.289622,2.391386
1.578701,-1.363252,2.431837,-2.115908,-2.076963
-0.375165,2.678480,-1.667772,-0.293232,0.455783
-0.902490,-2.839979,-2.680459,0.012043,2.728193
-1.585332,2.967152,-0.750524,-2.830875,4.127107
2.584955,2.035058,0.899764,1.748284,4.965795
-2.174402,-1.278724,1.978569,1.176432,3.906059
-2.167244,1.233217,-0.308391,-2.968493,8.267841
-2.524645,-1.464456,2.009779,0.292825,2.589919
1.363409,0.166629,-2.332879,-1.271391,5.010312
-1.193093,-2.713503,-0.481047,1.763395,3.469250
-0.257318,-2.334853,2.430881,0.580434,-1.310305
-2.901388,0.092254,-1.548371,-2.138539,7.542407
-0.424567,0.688857,-1.556615,-0.500594,3.353759
0.986228,-2.486316,2.847927,-2.593924,-2.352083
0.156357,0.043966,2.929989,0.324912,1.008220
-0.657278,-0.179190,0.814025,2.886237,7.556286
-1.478098,-2.902547,1.731120,-0.931185,-1.654510
1.397646,0.769542,1.629008,1.411122,2.564481
-1.004888,-2.733986,0.276082,1.881053,2.781249
-1.949465,1.674856,-0.212263,1.172336,3.821790
0.790415,1.868986,-2.621397,1.657142,6.125598
-0.253923,-1.239345,-2.737162,-1.803181,4.985269
-2.748564,2.600226,0.092302,2.934736,6.149174
0.258184,-1.480117,1.519746,-1.853379,-1.480131
-0.858155,1.685049,2.194790,-1.008452,0.432058
-2.253150,-0.791885,2.336919,1.459846,5.481248
2.367825,-0.680131,2.842342,-0.022781,-0.685312
-0.014860,2.545863,0.115655,1.806889,1.743629
1.362488,-2.526438,0.614720,1.934048,1.025437
0.272846,-1.072731,-2.519587,0.965515,4.988963
-1.161025,0.615730,-0.443304,1.138589,4.240107
-0.890718,-2.745869,2.220223,-0.884644,-2.377996
2.988904,-1.352668,2.880164,2.687426,6.733914
-2.549753,0.825075,-0.820133,1.806576,6.755881
1.076464,2.716736,-2.143323,0.645437,2.282446
1.687872,-2.791206,-2.596600,1.671092,4.939526
-0.802029,-0.702874,0.403468,0.630569,1.902911
1.074372,2.692941,-0.767920,1.578507,2.054270
0.443531,0.176759,-0.611796,0.897364,3.044962
-1.502330,-2.319308,1.414049,-0.005736,-0.391725
-0.678076,0.370036,-1.429340,-1.438261,4.023344
-0.322361,2.978191,-1.286539,2.498873,2.952243
-0.052799,-2.264175,2.116958,-0.287744,-2.803268
2.392074,-0.329333,-2.473256,1.091576,7.963932
2.073127,-1.082473,-0.915448,-2.610366,3.867098
0.253028,2.347990,2.108172,1.270855,0.671771
2.563947,0.826200,1.762178,0.052534,1.212137
-2.271825,-1.794118,-2.166739,1.742238,7.010745
-2.842296,0.324129,-0.786533,1.821970,7.139761
0.309882,0.671690,-2.482707,-1.144256,4.862082
2.997570,1.313218,0.154174,1.614987,7.359260
1.940036,-2.557496,2.834278,0.854032,-2.572201
-0.300153,1.080654,-0.932911,2.267761,6.410669
1.681578,0.838764,-1.908221,2.797588,10.403402
-0.404290,2.464274,-2.667523,-2.255033,5.518994
-2.081907,-2.012058,-1.064035,1.255993,4.483247
-0.923862,2.645424,2.369556,2.075602,3.367262
-1.496368,0.810343,0.305048,-2.248978,4.428547
-1.183052,0.200868,0.015439,-1.988185,3.614294
2.649642,-2.074834,0.952397,1.323797,0.721289
0.630833,2.055180,0.381708,1.951418,3.123741
-2.829759,-2.727229,0.848722,0.460627,1.373664
0.906780,1.601754,-0.500479,0.833947,2.351184
-0.011772,0.762984,-1.261970,2.739901,8.194246
-0.102331,1.828129,1.109945,-1.215397,-0.484773
-2.562162,-2.640522,-0.362367,-0.094493,1.536362
-1.775862,0.639962,-1.124505,1.310177,5.596262
1.405199,2.164664,2.852245,-2.215403,-0.595038
-0.776759,0.369907,-1.085305,-0.201165,3.059511
-1.395170,-1.512487,-2.419130,-1.258728,4.401270
-0.695101,0.692265,-1.510378,2.191845,7.183828
-2.041802,-1.035385,0.466122,-1.123710,2.177390
1.578728,-0.010407,0.088349,-0.007442,0.978119
-1.148757,-2.860942,2.671397,0.032667,-1.280517
2.800120,-1.709133,-0.882629,-2.696758,3.847133
-0.030635,2.294037,0.925560,-0.176479,-1.308976
0.220144,2.083034,-0.414433,2.294734,4.487900
1.365048,1.583141,-0.804376,-0.596510,1.887181
0.421690,-1.832068,0.319338,-2.558810,0.486966
0.025533,1.586425,-1.321676,2.934544,7.909513
1.082392,-2.287134,2.850497,-0.636578,-4.089478
1.769383,-0.965488,2.633691,1.529791,1.768674
-1.805653,0.054735,0.000467,-2.728180,6.576429
-2.177782,-1.001756,-0.157535,-0.258069,2.739187
0.637563,0.093034,-1.032205,0.678409,3.203042
-2.024988,2.943694,1.435916,-1.204594,-0.808375
-0.981759,1.969736,0.194039,1.252439,2.401453
-1.201257,1.894493,-0.789853,1.042838,2.983273
2.879388,0.502213,1.780529,1.351945,4.540231
1.128262,-2.840117,-0.152459,2.802424,4.315869
1.697424,1.656972,0.465806,1.328401,2.916673
0.501140,-1.976928,0.774151,0.718415,-1.043669
2.047003,-2.113346,1.084361,-2.810577,-0.873189
2.689231,-2.340627,-2.886376,-1.117845,3.712395
-2.091412,1.143002,-0.537736,1.649834,5.714093
2.523126,2.236906,1.415024,-2.626312,2.263115
-2.171505,-1.755950,-1.049703,0.973361,4.246098
0.152863,-1.117484,-1.960905,2.472745,7.837208
-0.946038,-0.874278,1.631939,1.325547,2.901457
0.859855,1.159880,0.660459,-1.846415,0.801115
-1.520885,0.348520,-1.650798,2.837464,9.541285
-1.214313,-1.265975,-1.756333,1.229930,5.166039
-1.097756,-0.907181,2.602202,1.772432,4.798716
-1.359255,-2.268755,1.059733,-0.721835,-0.816330
2.880963,1.910265,2.727653,1.827695,5.841051
-1.257284,-1.274218,1.284848,-0.921819,0.271302
-0.345743,-1.461336,-0.125524,-1.787592,0.756438
0.231468,2.598144,1.177028,-2.176362,-0.845412
0.694062,0.520983,-1.545252,1.019004,4.608465
0.186249,0.827667,-2.685053,-0.520192,4.751084
1.304148,-2.396731,1.624596,-2.968911,-1.234259
0.302115,2.574598,-0.558555,2.610193,4.214164
2.270398,-0.135309,-1.803264,2.783484,11.206126
-1.072994,0.875388,2.447622,-2.463236,3.713237
0.444800,0.210914,1.338706,2.620016,6.020078
2.479378,-1.949611,2.293470,-1.945268,-3.102921
2.517809,2.983031,-0.618033,-0.027697,1.527176
2.619652,2.772788,2.556238,2.260459,4.890102
-2.944397,0.407771,-2.356196,2.897963,10.414520
-1.292630,2.934597,0.259803,-0.036525,-1.627959
2.631363,2.106358,-0.191875,-1.843132,3.596698
-2.324119,-2.025034,-0.246513,-1.456411,2.251941
-1.882806,1.419707,1.744606,0.406687,2.821779
1.543697,-1.947031,2.136879,2.382257,2.643460
1.961939,0.091684,-2.479573,1.015535,7.272182
-1.891313,-2.156329,-1.058390,-1.511717,2.622502
-1.435288,-1.586872,1.522540,2.724209,6.657011
-1.188325,1.337295,-2.931386,0.922100,5.593671
1.156612,-2.627254,-2.290651,-1.159162,0.739504
-0.567500,0.015123,2.370710,1.221342,3.188792
-1.134132,-2.295506,2.496782,-1.229774,-1.062488
0.687753,-1.685228,-2.198587,-2.080887,3.499216
1.486409,0.634434,-0.504926,0.295407,2.447081
-0.175032,0.225106,0.984567,-1.689530,0.896876
-1.515207,1.528437,2.238810,-2.508778,4.127443
-0.319512,1.222597,-2.531384,0.385012,4.617787
-2.629452,0.285895,0.032922,0.436210,4.259645
-2.100886,-1.031294,0.122049,-2.302560,4.553763
-1.767591,0.498886,-2.454350,0.062252,5.410583
1.852152,-0.279406,0.079487,-0.259209,0.737275
-2.653579,-0.225730,1.841492,1.339680,5.721584
-0.624308,1.898719,1.474827,0.469868,0.543563
-2.728261,-0.932827,-2.617441,2.964742,10.989422
2.607497,-2.585885,2.602653,-2.809591,-2.361371
-0.546798,1.613832,1.594966,2.870000,6.853628
0.875285,-0.477828,2.957140,-0.705122,-1.199212
2.217722,2.440604,-0.746127,1.096382,3.783232
0.970755,0.235802,0.921205,-0.913381,-0.442198
-1.929158,0.223551,0.173055,1.367149,5.067392
-1.663859,-2.979160,-2.863588,-1.209822,3.472420
1.040999,0.266672,0.191602,1.940163,4.635087
-1.514928,-0.923042,-1.346102,2.624462,8.578765
1.350144,-2.322932,1.856869,-0.484556,-4.389421
1.596321,2.302540,-2.906125,-1.763510,6.374673
-2.394620,-2.798542,0.586709,1.219718,2.410409
-2.707942,1.443246,-0.586408,-1.593964,4.698705
-1.696385,2.182381,-2.661336,0.023375,3.306677
-1.264419,1.894718,1.389105,-1.086578,0.616640
0.587506,1.035191,-1.076009,-1.189413,2.557794
-2.140437,0.961275,-1.673744,-1.196994,5.120488
-2.634254,2.691122,2.278283,2.469466,6.457290
0.755959,-0.436797,-0.026275,2.833741,7.094972
2.649518,1.028055,1.714828,-1.087593,0.718759
-0.502052,-2.104694,-0.741239,1.526497,3.122386
-0.158887,2.096046,-1.195581,1.245461,2.839363
1.834657,2.488447,0.374316,2.806717,5.924780
0.343721,-2.195443,-1.542849,-1.779980,1.150363
0.880235,2.533357,2.082800,-2.445216,-0.812011
1.347508,-1.857110,-1.389230,1.042032,2.534657
0.617532,2.241723,-1.871020,1.570179,4.133224
1.345831,0.353103,-0.123635,2.216843,5.957181
-1.002214,2.742119,-2.907998,2.622959,5.003932
2.772465,-2.296103,2.997432,-0.126475,-3.191664
-1.544441,0.626409,-1.772921,2.490759,8.581342
0.312476,1.653083,-0.716030,0.201901,1.587940
-0.844443,-1.430630,0.076899,-0.016336,0.662282
-2.408351,2.887911,-0.183057,2.038387,2.708416
2.485983,-0.775770,-0.516419,0.375148,2.744839
-1.672355,-2.124464,-1.435355,2.608550,7.891291
0.474858,-0.494532,-2.085532,-1.020808,3.507294
-0.720961,2.000176,-0.004191,0.927648,1.667718
1.109080,-1.456039,1.929552,2.799050,4.816157
0.850167,-0.056427,-1.990598,1.769853,6.771419
-1.984406,1.321881,-0.070102,2.501396,7.286630
0.252821,0.850857,-2.647608,-2.797057,9.217481
2.080184,2.671129,1.009293,1.586033,1.955036
-0.525647,2.055268,-1.611400,1.243017,3.404168
-2.945151,0.034398,-0.760796,0.707011,5.213459
1.000528,0.699116,-0.100775,-0.072874,1.195836
-2.960326,0.309861,-2.928894,0.176506,6.297749
-1.351556,2.864876,-2.897144,1.878943,3.056413
1.044198,1.837006,2.458640,-2.357901,0.144981
-2.422117,-2.106615,-1.848408,0.158736,3.866091
1.891286,-1.396052,-0.618621,-0.761690,0.050240
-0.563836,0.390013,2.941398,-1.644856,1.575383
1.104250,2.087203,0.922414,2.149315,3.531052
1.557515,-2.438997,-0.724416,0.316209,-0.787791
-2.663310,-2.943299,-1.971699,-0.000850,3.200568
-0.396542,1.706258,0.395140,2.147762,4.451987
-2.427829,0.168955,-2.744689,-1.731498,7.561704
2.208701,2.325326,-0.146998,-2.720628,4.432452
-2.553912,2.553509,2.395870,0.381059,2.294298
-2.802589,2.572598,-1.113092,2.768815,5.725354
0.522217,1.513527,1.276268,-0.610224,-0.757578
-2.538375,-2.025298,-1.557167,2.007903,6.983873
-0.665060,2.379155,-1.009621,1.533656,2.615598
-2.160296,2.930868,1.344981,0.004757,-0.682424
2.845940,-2.677821,-0.377470,2.032048,3.911481
-0.956444,1.614034,2.729150,-0.619782,1.088029
1.641329,-2.822246,-1.360038,2.955515,6.839011
-0.056379,-0.865133,2.646857,-0.408912,-0.698064
1.078169,0.964031,-2.485835,0.711695,5.644851
1.788331,1.278651,-2.507772,-2.074674,7.664050
1.270063,0.803405,1.437932,-1.099931,-0.631541
-2.360694,-2.968829,-1.150395,-0.840495,1.716647
-1.381401,-2.204958,-1.875649,-0.306938,2.594650
0.328440,-0.551735,-2.842429,-0.876514,4.570087
-2.441614,0.588263,-1.053418,-0.688572,4.449548
-1.248916,-0.673203,-2.491803,2.406816,9.023121
2.431245,2.869038,0.431763,-1.982502,0.687222
-0.715608,-2.166960,-1.193212,-0.041256,1.164755
-2.620397,-0.391942,-0.473386,-0.094612,3.933464
-2.538472,-1.489802,-1.520460,0.750202,4.856953
0.562838,-1.826711,-2.358166,-1.172052,2.291626
2.692941,-1.006697,0.721153,1.824459,4.423099
-1.022750,-0.991583,1.892853,2.157051,5.176404
2.845352,-2.183253,-1.076009,2.683674,8.188657
-1.794891,-1.114900,2.787448,2.812351,8.959628
-1.251311,1.169747,-0.053956,0.455276,2.653252
-1.545454,-0.743668,1.898967,-0.642389,1.289713
-2.316673,0.383103,0.553362,0.273775,3.593735
1.090276,0.300595,2.718028,-0.230267,-0.496393
1.250202,-0.369270,-1.252013,1.157012,4.330096
1.913793,1.773941,-0.545150,-0.004181,2.293594
0.800016,-1.547873,0.951978,1.291418,0.527180
1.734461,-2.556209,2.944204,-0.124592,-4.322771
-0.595169,0.039676,2.522353,1.150253,3.202345
0.261871,1.744326,-0.842823,2.373009,5.720886
0.221436,0.829082,-2.490108,1.613724,6.740365
0.945610,-0.869947,0.881999,-2.734220,1.403802
2.901649,1.064831,-0.602294,1.516097,7.970988
2.794301,-0.417267,-2.936713,-1.447570,8.262400
0.064057,0.112787,0.483110,0.451412,1.274498
-0.325329,-0.653195,1.634053,0.531540,0.704358
0.002795,-0.930196,-2.852624,-2.372704,6.793587
-0.504147,2.770367,-2.303584,2.644057,4.739848
-2.149949,-1.128658,-0.268004,-1.758796,3.644888
-0.102444,-0.143025,-0.371004,1.180580,3.393099
-1.086543,-1.198416,1.861116,-2.309488,1.835367
2.095080,0.887820,1.062836,-2.013875,1.289718
2.903403,-1.536522,-1.953281,-2.039186,5.146595
0.359094,2.750776,-1.608867,-0.569715,0.265283
-1.893289,0.842873,-0.407193,-2.824846,7.632383
0.684642,-1.816053,0.553219,-0.666985,-2.337493
1.228414,-1.765293,1.513953,1.852379,1.320271
-2.624617,-2.389488,2.231876,-1.878241,1.874841
-1.044091,-0.254697,-1.425880,2.175819,7.392941
0.166290,0.834652,0.581825,0.667851,1.531433
0.522028,-0.912452,2.073107,0.704176,-0.108178
1.882430,1.235930,-1.215331,0.686907,4.606345
-2.491488,-2.196313,-2.292830,-1.167720,4.301922
-1.901733,1.160619,0.064949,-0.490565,2.680912
-2.172796,-0.697740,-1.885478,0.813010,5.658042
1.160598,0.871561,2.999397,0.329475,0.648625
-0.062148,-2.158221,-1.112520,-0.293994,0.212053
-2.678332,-0.845765,-2.942499,-2.180792,8.478168
1.891296,2.782975,0.032628,-0.030181,-0.561525
1.108180,-0.506217,2.039351,-0.067803,-1.198983
-2.503976,-2.814836,1.566340,-1.247461,0.131096
-1.350882,0.225652,-1.990746,-0.256072,4.586305
1.455110,1.595517,0.298357,-2.320734,2.247067
-2.314760,1.650678,1.939697,-0.798829,2.564333
1.935666,-2.750337,1.313881,0.278120,-3.912919
2.938654,-2.385501,1.980424,1.508073,0.441756
-1.213746,2.995876,-0.301606,-0.908538,-1.447077
1.900372,-0.365581,2.963746,1.653790,3.264243
-1.578324,1.864216,0.527543,-0.896215,1.263806
1.264524,0.796624,-2.004110,-2.164590,6.234207
-1.760282,-1.758344,-2.643853,-0.895107,4.446026
-1.313490,0.232611,-1.058078,1.224323,5.145120
-1.264001,-1.395942,2.148101,2.912930,7.546540
1.075796,-2.428649,2.776632,1.714146,0.098820
2.512612,2.954917,2.202286,-2.238671,-1.013905
2.196473,-1.501937,1.268369,1.970891,2.726264
1.568842,1.057407,-0.063248,0.464553,2.108731
-1.387697,-0.514649,-0.288050,0.801767,3.526941
2.280750,-2.441431,0.093681,-1.330646,-2.686679
2.618017,-0.785573,2.701524,-1.036264,-1.383875
-2.985161,1.644812,1.396344,1.385592,5.307568
-0.249304,0.984863,-0.850664,-2.620016,5.625567
0.206547,-1.693020,-0.422141,-1.728891,0.142188
-1.388779,1.970062,-0.973469,0.467602,2.375802
0.396853,-0.087973,-0.937562,1.095312,3.743280
-2.709544,-2.402552,1.703339,-0.242509,0.888950
-2.254577,2.145910,-0.352284,-2.995944,7.327010
2.748191,-1.786091,1.131551,-2.208521,-1.149158
0.899983,-2.046135,2.596353,-1.355883,-3.669634
0.927528,-1.497664,-0.768937,2.422802,5.650553
-2.006850,-0.621951,-1.166945,1.196648,5.521553
-1.595137,0.932911,1.222188,-2.993482,6.424290
-0.139160,-2.203801,-1.642855,1.079896,2.929167
-2.944278,1.173583,1.902654,2.928929,10.292711
-0.466116,-2.206949,-2.575030,-0.701580,2.597426
1.384580,-2.385437,-1.119891,2.285934,4.694523
-2.177224,1.640763,1.518947,-2.201123,4.114005
2.957641,-2.142882,0.183050,-2.949152,1.868143
0.900121,-0.359403,1.334592,0.768480,0.534241
-2.091755,-0.529741,1.119397,2.159775,6.690601
-2.479872,-2.397209,1.514674,0.537444,1.481287
-0.695809,2.779492,-1.112978,-2.161019,2.082709
-1.338194,-2.494508,0.320380,0.600047,0.557605
0.645559,1.673818,1.142856,2.087353,3.776471
0.950432,-1.190104,0.106495,0.057135,-0.470790
1.487062,-1.226748,-2.672585,2.387475,8.966804
2.728029,-0.030674,-2.323538,-0.002505,7.308125
0.563579,0.169719,2.866182,2.921295,7.798412
2.603546,-2.208103,2.164884,0.410282,-2.525225
-0.807525,1.097652,1.576356,2.726718,7.164312
1.622202,-2.899864,-2.594805,-1.426888,1.039770
-2.761039,-2.637187,1.735740,0.039664,0.852434
0.771424,0.006294,-0.507408,1.210864,3.456928
-2.505433,0.219389,0.696282,-1.335194,3.721767
-1.140559,0.067828,-1.780815,1.848360,7.036356
0.218341,-0.655611,0.805765,2.007159,3.898107
1.086334,-2.603309,1.192055,1.379750,-1.112789
2.078809,-2.652564,-2.482723,-0.393098,1.546765
-0.279769,0.652994,-1.144260,1.450161,4.958108
1.443949,-2.283342,1.247404,1.208998,-1.161409
-2.017004,2.718097,0.138032,1.697923,2.253480
1.324593,-1.998222,-2.238416,1.686744,5.269750
-1.387413,2.318489,1.628582,-2.823862,3.597755
1.842647,-1.368116,-2.616768,1.273939,6.217808
0.459910,-2.537580,-0.268813,-0.839257,-2.244379
-0.002340,0.401317,-0.793873,-1.469304,2.627567
-2.382571,0.443474,1.336670,-1.629573,3.859862
0.052949,-2.735773,2.177571,-1.532691,-3.645561
-0.169412,-0.702123,-2.099492,2.586960,8.668120
2.144911,0.317189,2.483686,1.443995,3.218462
-0.483784,-1.069188,-0.502460,1.321728,3.443514
-1.372452,-2.532678,-0.763151,0.012246,0.955510
2.411646,-1.923934,1.826028,2.888483,5.127456
2.724476,-2.586441,-0.209435,-1.306159,-1.929594
2.069079,-1.036194,0.318548,-2.952185,2.771747
-1.795973,0.382840,-1.176544,0.736305,4.828229
-0.216440,0.550146,-0.039836,1.635680,4.275466
-1.827465,2.402660,1.562893,-1.529239,0.862975
-2.961733,-0.539783,-1.602014,-0.921458,5.173091
2.037444,2.263192,2.705942,-2.991228,1.723820
0.943823,2.094036,1.363290,-2.376306,0.300685
0.178887,-1.570994,-0.047827,-2.640630,1.918225
2.981756,1.269915,-2.441840,2.527646,14.052805
2.383725,0.118555,1.205081,-0.765048,0.157539
2.847329,-2.490585,-2.426538,-2.198917,4.098618
1.919777,-2.551017,0.406924,-0.390103,-3.442412
2.785310,-1.579370,-1.434054,-1.109947,2.655842
1.804901,1.204354,1.412117,-1.091654,-0.367260
-1.368265,-2.551875,-1.783724,1.679622,5.184420
0.508248,-2.067537,-2.013750,-0.203669,1.439956
-0.560925,0.215547,2.787808,-1.754183,1.504032
-1.150154,-1.409952,-2.280519,-2.054308,5.453537
1.116329,1.958320,1.181268,-2.758021,1.835881
2.015549,-1.033238,-2.452723,-1.510687,4.691099
-0.865543,0.080758,1.063100,-1.438999,1.352309
2.944060,-2.813507,-0.573647,-0.286793,-1.020912
1.488471,-1.500884,-0.227741,1.823381,3.294050
-2.161242,-2.928258,1.982234,2.895403,6.534930
-2.215709,1.942040,-0.766562,0.781785,3.239246
0.868110,0.493943,-1.447076,1.876483,6.399677
-2.869199,-2.613168,2.414976,-0.339412,1.065310
-2.227251,2.430468,1.976137,-1.010701,1.080326
-2.743822,-0.234030,-1.992065,0.443305,5.761400
1.930112,-0.630008,-2.823106,1.099278,7.259758
-1.963157,-1.711703,-1.877093,-1.320873,4.077885
2.300543,-2.792103,0.715059,-1.525291,-4.137959
-1.229369,-0.528047,0.304132,-2.634126,4.671806
-1.321344,-2.176584,-1.803253,2.307915,7.145151
0.154884,0.784526,1.813008,1.769077,3.704223
2.936422,1.691495,-0.845327,0.267107,5.942581
-0.091923,2.476062,0.014360,-0.669712,-1.087030
-1.921105,-1.086735,-1.685879,2.374589,8.384713
1.671230,-2.648453,2.949188,0.176594,-4.027806
1.601053,2.997634,2.843879,-2.399194,-2.127736
0.941187,-1.400838,1.897711,2.503557,3.925140
-2.664548,2.978352,-1.683530,2.079031,2.768680
1.784344,-0.871172,2.035334,2.071325,3.385239
-1.943398,0.555117,1.837261,1.185759,4.767666
2.483880,-2.830761,1.203365,2.685352,3.192831
0.381639,0.378653,-1.870598,2.928037,9.578973
2.289758,-0.046640,-1.145682,-0.057381,3.895198
-2.458456,-1.604260,-1.687146,0.158691,4.200461
-2.995899,2.507377,-1.791214,-2.217063,5.597323
1.301626,2.512685,2.065705,-1.058467,-2.676600
-2.868523,0.519655,2.503345,1.646199,7.667272
2.078885,2.164017,2.763353,-0.758455,-1.247508
2.651539,-0.626427,-2.393807,-1.189409,6.201406
-2.181290,-2.054977,2.692161,1.751055,4.912669
2.763973,0.895082,-1.954784,2.812457,13.359055
1.161362,2.573071,1.721951,-1.660577,-2.297585
0.533701,-1.947890,-1.159061,1.130991,2.251760
-2.235910,1.372986,2.692729,2.692189,9.845682
-0.650391,2.965699,2.791104,-2.805704,0.783239
0.614332,2.526229,2.805190,-1.674628,-2.017013
0.393301,2.620127,-2.156140,1.472060,3.085141
-1.572024,2.894278,-1.992675,2.311922,3.401989
-2.467644,1.253795,0.834616,2.319921,7.288185
-0.320220,-1.408725,-1.502755,-2.593231,4.871763
-1.460052,-2.351792,-2.992313,-0.684377,3.872336
1.395507,2.814611,2.307312,-0.041508,-2.881617
-0.727725,0.276144,-2.391429,-0.123064,4.705909
2.184304,0.905817,1.122962,-2.024061,1.359239
-2.557744,2.074575,-1.230548,-1.087699,3.351207
2.709973,-2.554798,-1.979369,-0.747253,1.523685
1.391911,0.282278,2.388745,-2.441372,0.668544
0.564183,0.681868,-0.103579,-2.814041,4.605816
2.654654,-2.010017,2.338520,-2.057377,-2.876967
-2.392453,-1.766697,-1.860094,1.183180,5.614380
1.332229,1.379844,-1.408411,-1.310862,3.468588
-1.574710,-2.702187,0.430619,2.039127,3.801408
-2.078460,-0.835026,-0.434364,-1.232703,3.300833
0.972121,0.601293,-1.801951,-2.845586,7.831907
-1.975007,-1.249131,-2.508383,2.062614,8.291173
-1.149880,-0.615196,-0.065419,0.966240,3.307065
-2.453179,0.264756,-1.890713,2.312956,8.792669
-0.783590,-0.325348,-1.420224,-0.209652,3.269601
-1.642546,-1.388628,-2.630164,1.513411,6.904302
1.004811,-2.485756,-0.937252,0.248694,-0.619436
2.824233,0.538359,0.321611,2.044783,7.677751
1.910431,-0.488208,0.213086,2.201364,5.524851
-0.151054,2.289923,-0.142426,-2.526270,2.654485
2.416663,1.285834,0.012609,2.402730,8.044770
1.802702,1.065209,0.721639,-2.278309,1.994735
1.543133,-1.962726,2.906208,2.832989,4.590717
1.850764,-2.242884,-0.459751,2.929680,6.304724
-0.387641,2.983615,0.763357,2.004649,0.729233
-1.452682,2.464827,2.485044,-2.597928,2.784951
-0.671405,-0.615870,-1.043239,-1.342795,2.777507
-0.251057,2.240798,1.719304,0.738348,-0.004169
0.135372,-0.482437,-0.513346,-2.110802,2.661574
0.527605,1.550264,2.637900,2.549569,6.009754
0.376103,-2.394057,-1.283443,0.213801,0.306899
-0.936785,-0.534660,-0.701739,-0.086491,2.438467
0.653773,-2.775206,-1.347515,-2.136884,0.294447
0.651932,1.161968,-2.767305,2.337445,8.650030
-1.011036,-1.574524,1.474499,2.525010,5.520044
2.382188,-2.878603,1.904316,-1.181670,-5.478461
-1.317920,-0.050285,1.177097,-2.410696,3.806635
2.213400,-2.193687,2.845317,-0.341336,-3.878331
1.954940,-1.383480,-0.499364,0.873329,1.875716
-1.872386,-1.731657,1.943817,1.445669,3.547404
1.556960,2.203134,1.926104,0.091618,-1.199441
-2.046165,-1.133261,0.040772,-2.186101,4.132362
2.107772,2.275996,-2.826311,-1.843419,7.600618
1.997580,2.021860,-1.503058,-0.261308,3.687541
2.508186,1.227804,-1.356135,1.941038,9.011340
0.030758,0.812459,-2.256763,-2.816621,8.665771
-0.765199,0.564262,-1.934498,2.222885,7.757584
0.521281,-0.901441,-2.018918,2.366952,7.763277
1.493767,1.133103,-1.289584,-0.680606,3.145107
-2.022556,0.433548,2.789506,2.142667,8.381553
0.884279,1.066171,-1.385499,-0.542957,2.839831
-2.879686,1.681822,1.605436,-2.946612,7.593300
2.469093,0.884229,0.606852,-2.949218,5.120187
-1.485657,1.830513,-1.167242,2.802147,7.332678
0.856442,-0.457159,-0.741147,-0.907745,1.213134
-1.488008,-0.199812,1.063177,1.945865,5.629461
-0.617085,-2.386127,0.069082,0.974133,0.720980
2.059704,-0.754621,0.884053,0.654301,0.640023
-1.209144,-2.351373,-2.616978,2.930166,9.690735
0.843568,2.168950,-1.433119,1.266563,3.356217
2.354243,-1.207253,-2.100424,1.592846,7.220704
2.398122,1.832579,1.814182,0.600200,1.411236
0.963182,1.084535,1.327699,0.932403,1.334243
2.984815,-1.443442,-0.488606,-0.670350,1.534816
-2.788086,1.248414,0.432255,-1.860509,4.790265
1.359299,-1.665821,0.207811,1.709382,2.126980
2.439159,1.031211,0.043889,2.072515,7.154971
2.043832,2.258969,-1.913185,-2.414382,7.077809
-2.232335,-1.448089,1.850063,1.577509,4.633642
-1.901590,1.078274,-0.986205,-2.464201,6.927188
-0.868300,1.465260,-1.157488,1.728543,5.103525
-1.012097,-1.436645,-1.235693,2.107283,6.317930
-0.176781,2.198360,0.501448,2.665806,4.819428
-2.572706,2.336556,0.002864,2.204987,4.962246
-0.709985,-1.209865,-2.675628,2.125439,7.973924
-2.175808,-1.798220,-0.544849,0.416422,2.844347
2.439726,-0.254571,-1.101699,1.294011,6.183606
1.673647,-0.074515,0.786197,-1.939054,0.505788
0.806994,-2.971719,-1.358833,1.567160,2.218776
-1.988365,1.586902,-0.062537,1.581415,4.719781
-2.471752,0.686878,0.800925,-0.579639,3.232066
2.791967,-0.700101,-2.773648,-1.803514,7.928651
-0.761392,-2.915537,-1.066721,1.999372,4.192120
-1.856540,1.060489,0.760122,-1.507061,2.975638
1.161148,-0.933901,-2.226415,-0.698697,3.203747
0.532024,-1.997879,1.943063,-1.210786,-3.362912
-1.255033,1.366991,0.578220,-0.972989,1.525921
2.327844,2.972834,-0.943603,2.408303,6.082801
-0.844495,-1.869444,2.688506,2.509232,5.506296
-0.579650,-1.629490,1.363013,-2.212765,0.284467
1.404460,0.538157,-1.986092,-0.800451,4.310226
0.903242,-2.775819,2.259265,-1.465265,-4.876611
0.208401,-2.708478,2.968081,0.971819,-1.289049
0.921406,-2.881549,1.138498,-0.499347,-4.663132
-0.718477,0.283694,-0.153622,-2.081237,3.476584
1.171152,0.781868,-1.193301,0.969987,4.258825
0.974898,-1.380137,0.633806,-2.177019,-0.595140
1.983916,-2.370515,1.312597,-2.293593,-3.019659
-2.315925,-2.362418,-1.808120,-1.801504,4.252458
-1.422037,0.138877,-1.789961,1.220621,5.937595
-1.227893,-2.763566,-0.021872,-1.753836,-0.014384
2.598746,-1.016378,-2.983572,1.029799,8.288807
2.441280,2.011393,1.014132,-2.105133,1.624058
-2.459504,0.070232,1.341382,-2.392257,5.541306
-1.464647,-1.613038,2.931996,-1.223867,0.914487
-0.214336,-2.401147,-1.951789,-2.763333,4.544585
-1.256597,1.809577,-1.123757,1.431241,4.113012
-2.430009,1.549224,-2.724665,2.111992,7.319371
0.980130,-1.976926,-0.854836,-0.373713,-0.610486
0.730842,2.270853,-2.442292,1.889786,5.473986
-1.902783,-0.595335,2.773860,-1.369001,2.882690
-0.685707,2.104029,1.799395,0.893079,1.035907
1.781457,-2.321661,1.177019,-2.648122,-1.921698
2.654802,-2.043628,-0.503834,0.544502,1.078343
1.813589,1.070359,-1.912437,-0.721495,4.771056
-0.848407,-2.827103,1.106785,2.031219,2.353543
2.840667,-2.216068,2.522388,-2.322375,-2.596064
-0.532294,-2.724166,-1.430323,-1.114572,0.384003
1.227409,1.067574,1.605172,0.459894,0.397948
0.390073,2.867373,1.019066,-0.970196,-3.206630
0.138619,1.203481,-2.428547,0.970280,5.218599
-1.508538,-0.925503,1.057773,-0.690740,1.098397
2.034198,0.350065,2.926750,-2.672603,1.554686
0.860392,-2.058436,2.093073,2.111227,1.727534
2.216494,-2.550809,-0.050112,-1.554649,-2.561741
2.820870,-2.697896,-1.663761,0.859904,2.964199
-0.580338,-1.590000,-0.245432,1.807568,3.909184
-0.311408,2.139535,-0.317591,-2.287759,2.581472
-0.015760,0.920238,-2.384140,-0.525969,4.301734
0.342786,-2.998982,-2.454627,0.625220,2.041430
0.714397,-1.172412,0.050026,-1.758893,-0.121446
1.028846,2.702131,-0.819945,-2.674349,3.295956
-1.662491,-0.273240,0.360905,0.718548,3.357738
-0.161198,0.943003,1.295481,-2.315860,2.004103
1.555920,-1.669517,-0.951857,1.979303,4.608511
2.786602,-1.248099,0.131911,1.212576,3.294121
-2.725331,-2.015068,-2.157305,1.301137,6.069993
1.329355,-2.358231,0.665111,-1.874740,-3.020923
2.581298,-0.642621,-0.257724,1.688522,5.644075
1.300727,-2.353406,-0.513178,2.559759,4.667786
2.024797,0.532867,1.632871,-0.296972,-0.102076
0.950740,2.737142,-2.192184,-0.007028,1.651319
0.182186,-2.708570,2.611850,2.032897,1.334770
-0.102408,0.049997,2.526974,-1.936785,0.804218
0.471326,1.382968,-2.229709,-0.675567,3.864419
0.603276,2.296175,0.024661,-0.692024,-0.816552
2.877005,2.495461,1.574248,-1.358425,0.342030
2.781561,2.822950,-0.282926,-2.199769,3.735231
-0.523527,1.200086,1.490561,-1.206521,0.460577
1.208966,2.164245,1.271246,2.613072,4.772627
0.795500,-1.794666,0.745006,-1.256523,-2.509959
-0.928239,1.034242,2.888013,0.900518,3.635397
2.749959,0.023361,1.165872,-1.065712,0.779173
-2.307568,-0.886573,-0.117780,0.423829,3.502746
1.002943,-0.495132,1.487212,2.048336,3.605814
-1.284432,2.083807,1.849829,0.136380,0.716105
-2.848367,-2.128040,1.021525,-1.800585,2.281357
1.501110,-2.034388,-1.280307,-1.496634,0.216374
2.036291,1.143569,-1.229157,1.521564,6.602693
-2.806162,1.884157,-2.385120,2.208212,6.697857
1.436955,2.189049,1.454476,0.367623,-0.735641
-1.574427,1.705843,1.792931,-1.274168,1.536426
0.986961,2.558909,-0.674672,2.740212,5.191030
2.854936,-1.124076,0.312748,-2.922209,3.598063
-1.491953,0.723370,1.685549,2.220709,6.668748
1.979901,2.468918,1.227774,0.885794,0.451826
1.530646,0.279691,0.620322,1.656880,3.749150
2.785739,-1.234934,-1.935445,1.095953,6.691918
-1.878141,-1.957229,0.083081,-0.736811,1.020646
-0.428953,0.339592,-2.219601,0.503916,4.826654
-1.469903,-1.016623,1.258136,-2.071166,2.278535
-2.077780,-1.064220,-2.694867,2.594291,9.908339
0.693652,0.971341,-0.056694,0.436062,1.614591
-0.851486,1.704189,-1.092846,-1.680228,3.350599
-1.896785,-2.590941,0.030842,-0.504413,0.316132
0.222216,-2.448327,-1.672812,-1.719877,0.982232
-1.008699,-0.835213,-1.689328,1.515934,5.836608
0.182993,2.979786,1.942130,2.886799,3.476597
-2.947178,1.013631,-0.325997,2.426979,8.053128
0.682207,0.726790,2.753381,1.095308,2.185047
-1.074378,2.495595,2.669926,-0.684744,-0.422126
0.241424,-1.303026,2.468016,1.932654,2.927037
-0.750252,1.816900,-0.326659,-2.736890,5.017718
2.389690,-1.844926,0.083368,2.689271,6.023938
-1.995631,2.737657,0.227849,-2.956016,4.774323
-2.607169,1.022011,1.641494,2.189705,7.694934
-0.454743,-2.376439,0.226525,1.216457,0.914833
2.857344,1.651240,0.879367,2.638507,8.973672
1.481345,-2.077473,-0.244649,-1.009708,-1.959384
-2.474875,-2.674392,1.765289,0.348505,0.870688
0.449774,-1.634126,-1.448112,-0.671804,0.967107
0.781304,-0.401850,-2.898654,1.039792,6.252837
0.209006,0.848536,0.710096,1.535764,3.224813
0.513648,1.205292,-2.564463,2.568287,8.867782
-2.363187,1.721351,-1.191896,-2.480969,7.051873
1.591645,-0.373943,-0.629320,0.964339,3.232955
-0.156074,0.200807,-2.181711,-0.654045,4.121746
1.784908,0.274347,2.760806,-2.135547,0.083477
1.063734,2.485013,1.770103,1.375947,0.423219
-0.761217,2.696791,0.321145,0.330418,-1.064085
-2.260589,-2.969821,0.579929,0.222912,0.391050
2.681876,-1.171853,1.489780,2.421278,5.402883
-0.936890,-0.524073,0.875589,0.075316,1.182051
-2.034274,-1.675272,2.008490,-1.834043,1.850420
-1.911852,1.797960,2.113507,2.108326,6.298614
2.594219,2.965878,-0.232409,0.297988,1.478248
-1.256084,-2.595823,-2.410786,1.353536,5.079291
-0.076858,-1.014894,-2.230709,0.932838,4.690443
-2.399730,0.717095,2.400712,-1.093284,3.784438
-0.296124,0.698055,-1.165947,0.505020,3.389783
0.393312,-0.813039,-1.102001,-0.430156,1.541122
-2.971009,-1.522949,-1.670846,1.438897,6.324629
-0.383256,2.040660,-2.194165,1.397837,4.259911
2.267315,-0.222910,-0.847550,-1.167169,2.841133
0.310031,-1.945379,0.639766,2.050758,2.581664
2.152282,-2.159990,0.231708,-1.420592,-2.402230
2.318015,-2.541226,-2.547600,-2.888218,5.311729
0.043070,-2.812835,0.491343,-0.569193,-3.096521
0.540218,2.437821,0.309564,0.260816,-0.959772
2.992369,-0.167376,1.651183,-0.805088,0.660879
-1.660160,1.632869,1.399361,-1.254005,1.705757
-0.211793,0.062472,-0.619289,0.013004,2.119383
0.976071,2.087891,1.839240,0.684216,-0.302718
-2.004939,0.084820,-0.322677,-1.925129,4.834713
2.692271,0.956480,2.806413,1.415519,4.539631
-0.098980,-0.847227,-1.687085,-0.074147,2.828770
-2.622833,-0.783389,-2.743149,-1.759356,7.234796
2.446357,-0.832492,-0.181955,-0.272139,1.210443
-2.721375,2.883539,-1.055573,1.222418,1.544261
0.128237,1.977883,2.009234,-1.420104,-1.028980
0.266100,-1.956901,0.922052,-0.808219,-2.559202
0.920019,2.012814,0.099977,-0.742027,-0.308558
2.443455,0.098231,-0.882612,2.206317,8.583807
-0.078831,-0.107339,0.625266,0.011022,0.617439
-2.166190,-2.006365,-2.537471,0.860862,5.441124
-1.730897,-1.878566,-0.826662,1.303816,4.155965
-2.290019,-1.617922,1.867036,1.321534,3.890948
-0.110900,-0.127112,-1.735776,-2.032522,4.972437
2.000190,-2.865324,-2.741134,0.440919,2.560668
-2.033225,0.777243,-2.764855,0.433616,5.875588
-2.664528,-1.450442,-1.919775,2.749430,9.703745
0.596145,0.381628,-2.888280,1.317284,6.913578
0.970470,-1.299272,-2.485509,-0.304780,3.172583
2.956655,2.203814,-1.976599,1.982181,10.792384
0.605032,1.767696,1.922719,-1.908695,-0.443385
0.957893,-1.412876,1.345121,-0.943972,-2.625562
-0.279179,0.543576,-1.621117,-0.687229,3.417669
-2.348579,-1.785909,2.157550,0.026157,1.723622
-0.481230,-2.102633,-2.422209,-0.144785,2.702336
0.688489,-2.765781,1.703209,0.019975,-4.090311
